FID,location,zone,stat_num,Site_Zone,elev,Tmax_wt,Tmax_sp,Tmax_sm,Tmax_at,Tmin_wt,Tmin_sp,Tmin_sm,Tmin_at,Tave_wt,Tave_sp,Tave_sm,Tave_at,PPT_wt,PPT_sp,PPT_sm,PPT_at,DD_0_wt,DD_0_sp,DD_0_sm,DD_0_at,DD5_wt,DD5_sp,DD5_sm,DD5_at,DD_18_wt,DD_18_sp,DD_18_sm,DD_18_at,DD18_wt,DD18_sp,DD18_sm,DD18_at,NFFD_wt,NFFD_sp,NFFD_sm,NFFD_at,PAS_wt,PAS_sp,PAS_sm,PAS_at,Eref_wt,Eref_sp,Eref_sm,Eref_at,CMD_wt,CMD_sp,CMD_sm,CMD_at,RH_wt,RH_sp,RH_sm,RH_at
1,Quill_S1,S,1,Quill_S,1055,-9.1,6.3,16,3.5,-19,-5.5,5.3,-5.8,-14.1,0.4,10.7,-1.1,17,49,201,63,1269,225,0,311,1,59,523,54,2874,1623,677,1744,0,2,4,2,0,15,85,14,17,27,5,46,0,70,232,34,0,45,54,20,56,57,66,65
2,Quill_S2,S,2,Quill_S,1042,-9.1,6.3,16.1,3.6,-19.3,-5.6,5.3,-5.8,-14.2,0.4,10.7,-1.1,17,48,199,63,1280,227,0,312,1,60,525,54,2885,1624,674,1744,0,1,4,2,0,15,85,14,17,27,5,45,0,70,233,34,0,45,55,21,56,57,66,65
3,Quill_S3,S,3,Quill_S,1027,-9.1,6.3,16.1,3.6,-19.5,-5.6,5.4,-5.9,-14.3,0.4,10.7,-1.1,17,48,197,62,1292,228,0,313,1,61,529,55,2897,1624,671,1745,0,0,4,2,0,15,85,14,17,26,5,45,0,70,234,34,0,46,57,21,55,57,66,64
4,Quill_S4,S,4,Quill_S,1109,-9.2,6.2,16,3.5,-19.9,-5.7,5.3,-6,-14.5,0.2,10.6,-1.2,18,51,209,66,1310,236,0,318,1,60,521,53,2916,1636,679,1754,0,0,4,2,0,15,85,14,18,29,6,49,0,70,232,34,0,44,50,20,54,57,66,64
5,Quill_S5,S,5,Quill_S,1084,-9,6.2,15.9,3.5,-19.5,-5.6,5.3,-5.9,-14.3,0.3,10.6,-1.2,18,50,205,65,1286,232,0,314,1,59,517,53,2891,1633,683,1749,0,1,3,2,0,15,85,14,18,28,6,47,0,69,231,33,0,44,51,20,55,57,66,65
6,Quill_S6,S,6,Quill_S,1139,-9,6,15.7,3.4,-19.4,-5.7,5.3,-5.9,-14.2,0.2,10.5,-1.2,19,52,212,68,1279,235,1,315,1,57,505,52,2885,1640,695,1753,0,2,3,2,0,14,85,14,19,30,6,50,0,69,228,33,0,43,46,19,55,57,66,65
7,Quill_S7,S,7,Quill_S,1256,-8.9,5.8,15.3,3.3,-19.4,-5.7,5.2,-6,-14.1,0,10.3,-1.3,21,56,228,74,1277,243,1,319,1,54,487,49,2882,1655,714,1763,0,2,3,2,0,14,85,14,21,33,7,55,0,67,223,32,0,39,37,18,54,58,67,65
8,Quill_S8,S,8,Quill_S,1355,-8.8,5.6,15.1,3.1,-19.5,-5.8,5.1,-6,-14.2,-0.1,10.1,-1.4,22,59,241,80,1280,250,1,323,1,51,473,47,2885,1668,728,1771,0,2,3,2,0,14,84,14,22,35,8,60,0,66,220,32,0,37,28,17,54,58,68,65
9,Quill_S9,S,9,Quill_S,1021,-9.2,6.4,16.2,3.6,-19.7,-5.7,5.4,-6,-14.5,0.4,10.8,-1.2,17,48,197,61,1306,230,0,314,1,63,534,55,2912,1624,666,1746,0,0,4,2,0,15,85,14,17,26,5,44,0,71,235,34,0,46,57,21,54,56,65,64
10,Quill_A1,A,1,Quill_A,1222,-9,5.9,15.5,3.3,-19.7,-5.7,5.3,-6,-14.3,0.1,10.4,-1.3,20,55,223,73,1293,242,1,320,1,56,497,50,2899,1651,703,1762,0,2,3,2,0,14,85,14,20,32,7,54,0,68,225,33,0,40,40,18,54,58,67,65
11,Quill_A2,A,2,Quill_A,1292,-9,5.8,15.4,3.3,-19.9,-5.9,5.2,-6.1,-14.4,0,10.3,-1.4,22,57,233,77,1303,249,1,323,1,54,489,49,2908,1661,712,1769,0,2,3,2,0,14,85,14,21,33,7,57,0,67,223,32,0,39,34,17,53,58,67,65
12,Quill_A3,A,3,Quill_A,1340,-8.9,5.6,15.1,3.2,-19.6,-5.8,5.2,-6,-14.2,-0.1,10.2,-1.4,22,59,239,79,1284,249,1,323,1,52,476,48,2890,1667,725,1771,0,2,3,2,0,14,85,14,22,35,8,60,0,66,220,32,0,37,29,17,53,58,68,65
13,Quill_A4,A,4,Quill_A,1457,-8.8,5.3,14.8,3,-19.7,-5.9,5.1,-6.1,-14.2,-0.3,9.9,-1.5,24,63,255,86,1286,258,1,327,1,49,459,45,2891,1683,743,1781,0,2,2,3,0,14,84,14,24,38,9,65,0,65,215,31,0,34,19,15,53,59,69,65
14,Quill_A5,A,5,Quill_A,1510,-8.7,5.2,14.6,3,-20,-6,5.1,-6.2,-14.4,-0.4,9.9,-1.6,25,64,262,89,1295,265,1,329,1,48,452,45,2901,1693,751,1787,0,2,1,3,0,14,84,14,25,39,9,68,0,64,212,31,0,32,14,14,51,59,69,65
15,Quill_A6,A,6,Quill_A,1441,-8.8,5.4,14.9,3,-19.6,-5.9,5.1,-6.1,-14.2,-0.3,10,-1.5,24,62,253,85,1281,256,1,326,1,49,461,46,2886,1680,741,1779,0,2,2,3,0,14,84,14,24,38,9,64,0,65,217,32,0,35,21,16,53,58,68,65
16,Quill_A7,A,7,Quill_A,1558,-8.7,5.1,14.5,2.9,-19.8,-6,5,-6.2,-14.2,-0.4,9.8,-1.6,26,66,269,92,1284,266,1,330,1,47,444,44,2890,1696,759,1789,0,3,1,3,0,14,84,13,26,41,10,70,0,64,212,31,0,31,11,14,52,59,69,65
17,Quill_A8,A,8,Quill_A,1627,-8.7,5,14.4,2.8,-19.9,-6.1,5,-6.2,-14.3,-0.5,9.7,-1.7,27,68,278,96,1286,271,1,332,1,45,435,43,2892,1705,769,1795,0,3,1,3,0,13,84,13,27,43,11,74,0,63,210,31,0,30,6,13,52,59,70,65
18,Quill_A9,A,9,Quill_A,1691,-8.6,4.9,14.2,2.8,-19.9,-6.1,4.9,-6.3,-14.3,-0.6,9.6,-1.7,28,71,287,99,1289,275,1,335,1,44,428,42,2894,1713,777,1800,0,3,1,4,0,13,84,13,28,45,12,77,0,63,209,31,0,28,4,13,51,59,70,65
19,Quill_A10,A,10,Quill_A,1574,-8.7,5,14.4,2.9,-20.2,-6.1,5.1,-6.3,-14.4,-0.5,9.8,-1.7,26,66,270,93,1300,272,1,332,1,47,443,43,2906,1704,760,1793,0,2,1,3,0,14,84,13,26,41,10,72,0,64,210,31,0,31,10,14,51,59,70,65
20,Deadm_S1,S,1,Deadm_S,1226,-9.2,6.8,16.2,3.1,-19.3,-6,5,-5.7,-14.3,0.4,10.6,-1.3,72,33,192,136,1276,253,1,334,3,82,518,65,2882,1623,682,1755,0,0,3,0,0,18,84,19,71,11,6,102,0,73,240,34,0,50,48,8,56,54,64,67
21,Deadm_S2,S,2,Deadm_S,1244,-9.2,6.8,16.2,3.1,-19.3,-6.1,5,-5.7,-14.3,0.4,10.6,-1.3,74,34,198,140,1275,254,1,335,3,82,517,65,2881,1624,683,1756,0,0,3,0,0,18,84,19,73,11,7,105,0,73,240,34,0,49,42,7,56,54,64,67
22,Deadm_S3,S,3,Deadm_S,1264,-9.2,6.7,16.2,3.1,-19.3,-6.1,5,-5.7,-14.2,0.3,10.6,-1.3,75,35,204,144,1273,254,1,336,3,82,516,65,2879,1625,684,1758,0,0,3,0,0,18,84,19,74,12,7,108,0,73,240,34,0,48,35,6,56,54,64,67
23,Deadm_S4,S,4,Deadm_S,1273,-9.2,6.8,16.2,3.1,-19.2,-6,5,-5.7,-14.2,0.4,10.6,-1.3,76,35,207,146,1263,253,1,335,3,83,518,66,2877,1623,681,1756,0,0,3,0,0,18,84,19,75,12,7,109,0,73,240,34,0,48,33,6,56,54,64,67
24,Deadm_S5,S,5,Deadm_S,1297,-9.2,6.7,16.2,3.1,-19.2,-6,5,-5.6,-14.2,0.4,10.6,-1.3,78,36,214,151,1262,254,1,336,3,83,518,66,2875,1623,682,1757,0,0,3,0,0,18,84,19,77,12,7,113,0,73,240,34,0,47,29,5,56,54,64,67
25,Deadm_S6,S,6,Deadm_S,1320,-9.2,6.7,16.1,3,-19.3,-6.1,4.9,-5.7,-14.3,0.3,10.5,-1.3,80,37,221,155,1275,258,1,338,3,80,506,64,2881,1632,693,1763,0,0,3,0,0,18,84,18,79,12,8,116,0,73,239,34,0,46,23,4,56,54,64,67
26,Deadm_S7,S,7,Deadm_S,1350,-9.2,6.6,16.1,3,-19.3,-6.2,4.8,-5.7,-14.3,0.2,10.4,-1.4,82,38,230,161,1275,259,1,340,3,79,503,63,2880,1635,697,1765,0,0,3,0,0,18,84,18,81,13,8,121,0,73,239,34,0,44,17,3,56,54,64,67
27,Deadm_S8,S,8,Deadm_S,1381,-9.2,6.6,16,3,-19.3,-6.2,4.8,-5.7,-14.2,0.2,10.4,-1.4,84,40,239,167,1273,260,1,341,3,79,501,63,2879,1637,699,1767,0,0,3,0,0,18,84,18,83,13,9,125,0,73,238,34,0,43,10,2,56,54,64,67
28,Deadm_A1,A,1,Deadm_A,1372,-9.1,6.6,16,3,-19.2,-6,5,-5.6,-14.2,0.3,10.5,-1.3,84,39,235,165,1259,256,1,338,3,81,511,65,2872,1628,689,1761,0,0,3,0,0,18,84,19,82,13,8,123,0,73,237,34,0,44,12,2,56,55,65,67
29,Deadm_A2,A,2,Deadm_A,1427,-9.1,6.5,15.9,2.9,-19.2,-6,5,-5.6,-14.1,0.3,10.5,-1.3,87,41,250,174,1258,258,1,339,3,80,505,64,2871,1633,695,1764,0,0,3,0,0,18,84,19,86,13,9,131,0,72,235,34,0,41,2,0,56,55,65,67
30,Deadm_A3,A,3,Deadm_A,1477,-9.1,6.4,15.8,2.9,-19.2,-6,5,-5.6,-14.1,0.2,10.4,-1.4,91,43,262,182,1256,260,1,339,3,78,499,63,2869,1637,701,1766,0,0,3,0,0,18,84,19,90,14,10,137,0,71,233,33,0,39,0,0,56,55,66,68
31,Deadm_A4,A,4,Deadm_A,1528,-9.1,6.3,15.6,2.8,-19.2,-6,5,-5.6,-14.1,0.1,10.3,-1.4,95,45,276,191,1257,263,1,341,3,76,491,61,2870,1644,710,1771,0,0,3,0,0,18,84,19,94,15,10,144,0,71,231,33,0,37,0,0,56,55,66,68
32,Deadm_A5,A,5,Deadm_A,1529,-9.1,6.3,15.6,2.8,-19.2,-6.1,4.9,-5.7,-14.2,0.1,10.3,-1.5,95,45,278,192,1260,264,1,343,3,76,488,61,2873,1646,713,1773,0,0,3,0,0,18,84,18,94,15,11,145,0,71,232,33,0,37,0,0,56,55,66,68
33,Deadm_A6,A,6,Deadm_A,1513,-9.2,6.4,15.7,2.8,-19.3,-6.2,4.9,-5.7,-14.2,0.1,10.3,-1.5,94,45,275,190,1263,265,1,343,3,76,488,61,2877,1646,713,1774,0,0,3,0,0,18,84,18,93,15,10,143,0,71,233,33,0,38,0,0,56,55,65,67
34,Deadm_A7,A,7,Deadm_A,1509,-9.2,6.4,15.7,2.8,-19.3,-6.2,4.8,-5.8,-14.2,0.1,10.2,-1.5,94,44,274,189,1274,266,1,343,3,75,485,60,2880,1648,716,1775,0,0,3,0,0,17,83,18,93,15,11,143,0,72,234,33,0,38,0,0,56,55,65,67
35,Deadm_A8,A,8,Deadm_A,1520,-9.2,6.3,15.7,2.8,-19.3,-6.3,4.7,-5.8,-14.3,0,10.2,-1.5,95,45,276,191,1277,267,1,344,3,73,479,60,2883,1653,722,1777,0,0,2,0,0,17,83,18,93,15,11,145,0,71,234,33,0,38,0,0,56,54,65,67
36,Deadm_A9,A,9,Deadm_A,1561,-9.3,6.2,15.5,2.7,-19.4,-6.3,4.6,-5.8,-14.3,0,10.1,-1.5,98,46,287,198,1281,271,1,346,3,71,470,58,2887,1660,732,1781,0,0,2,0,0,17,83,18,96,16,12,150,0,71,232,33,0,36,0,0,56,55,65,67
37,Carib_B1,B,1,Carib_B,810,-9.5,8.8,18.3,5.7,-19.8,-5.2,5.8,-4.1,-14.6,1.8,12,0.8,44,24,106,69,1310,185,0,241,1,118,646,106,2916,1490,554,1571,0,0,8,1,0,20,87,23,44,11,2,42,0,124,266,41,0,106,159,27,55,51,61,64
38,Carib_B2,B,2,Carib_B,753,-9.4,9,18.4,5.8,-19.8,-5.1,5.9,-4.1,-14.6,2,12.2,0.9,42,23,100,66,1307,180,0,237,1,123,660,110,2914,1478,542,1562,0,0,9,1,0,21,87,23,42,10,2,39,0,125,268,41,0,108,168,28,55,51,61,64
39,Carib_B3,B,3,Carib_B,914,-9.6,8.4,17.8,5.4,-19.8,-5.3,5.7,-4.2,-14.7,1.6,11.7,0.6,48,28,117,75,1317,194,0,248,1,109,622,101,2923,1512,577,1587,0,0,7,1,0,20,86,22,48,13,2,46,0,121,260,40,0,100,144,24,55,52,62,65
40,Carib_S1,S,1,Carib_S,1020,-9.7,8.1,17.5,5.2,-19.9,-5.4,5.5,-4.3,-14.8,1.4,11.5,0.4,52,31,128,81,1322,202,0,254,1,102,599,95,2928,1533,598,1603,0,0,6,1,0,19,86,22,52,16,3,51,0,119,256,40,0,96,128,22,55,52,62,65
41,Carib_S2,S,2,Carib_S,1353,-9.9,7.3,16.5,4.6,-19.9,-5.6,5.3,-4.5,-14.9,0.8,10.9,0,66,41,163,101,1334,223,0,269,1,85,546,84,2940,1582,654,1638,0,0,4,0,0,18,85,21,65,23,5,66,0,113,243,38,0,84,80,16,56,54,64,67
42,Carib_S3,S,3,Carib_S,1183,-9.8,7.7,17,4.9,-19.9,-5.5,5.5,-4.3,-14.8,1.1,11.2,0.3,59,36,145,91,1327,211,0,261,1,94,575,90,2933,1555,620,1618,0,0,5,0,0,19,86,21,58,19,4,57,0,115,248,39,0,90,103,19,56,54,64,66
43,Carib_A1,A,1,Carib_A,1533,-9.9,7.1,16.3,4.4,-19.9,-5.7,5.3,-4.5,-14.9,0.7,10.8,0,73,46,184,112,1334,227,1,272,1,82,535,82,2940,1592,664,1644,0,0,3,0,0,18,85,21,72,27,6,73,0,74,240,38,0,57,56,12,56,55,65,67
44,Carib_A2,A,2,Carib_A,1505,-9.9,7.1,16.3,4.4,-19.9,-5.7,5.2,-4.5,-14.9,0.7,10.7,-0.1,72,45,181,111,1335,229,1,273,1,81,530,81,2942,1596,669,1647,0,0,3,0,0,17,85,20,71,27,6,72,0,74,240,38,0,57,59,13,56,54,64,67
45,Carib_A3,A,3,Carib_A,1258,-9.9,7.4,16.7,4.7,-19.9,-5.7,5.2,-4.6,-14.9,0.8,10.9,0.1,62,38,154,95,1332,223,0,269,1,85,545,84,2939,1582,654,1637,0,0,4,0,0,17,85,20,61,21,5,62,0,114,246,38,0,86,91,17,56,53,63,66
46,Canol_S1,S,1,Canol_S,1196,-8.9,7.1,16.6,3.4,-18.9,-5.4,5.7,-5.2,-13.9,0.8,11.2,-0.9,70,32,183,132,1240,233,0,319,3,98,568,75,2850,1580,626,1722,0,0,5,0,0,21,87,21,69,10,5,96,0,74,242,35,0,52,59,10,57,55,65,67
47,Canol_S2,S,2,Canol_S,1219,-8.9,7.1,16.6,3.4,-18.8,-5.4,5.8,-5.2,-13.9,0.8,11.2,-0.9,71,32,188,135,1236,233,0,318,3,97,568,75,2846,1580,626,1722,0,0,5,0,0,21,87,21,70,10,5,98,0,74,240,35,0,51,51,9,57,55,66,67
48,Canol_S3,S,3,Canol_S,1250,-8.8,7,16.4,3.4,-18.8,-5.3,5.8,-5.2,-13.8,0.8,11.1,-0.9,73,33,195,140,1232,234,0,318,3,96,566,75,2841,1581,633,1723,0,0,4,0,0,21,87,21,72,10,5,102,0,73,238,34,0,49,43,7,57,56,66,68
49,Canol_S4,S,4,Canol_S,1281,-8.8,6.9,16.3,3.3,-18.8,-5.3,5.9,-5.1,-13.8,0.8,11.1,-0.9,75,34,202,145,1229,234,0,318,3,95,563,74,2837,1583,636,1724,0,0,4,0,0,22,87,21,74,11,6,105,0,72,236,34,0,48,34,6,56,56,67,68
50,Canol_S5,S,5,Canol_S,1210,-9,7,16.5,3.4,-18.9,-5.5,5.6,-5.3,-14,0.8,11.1,-1,71,32,186,134,1243,237,0,321,3,94,559,73,2854,1588,640,1728,0,0,4,0,0,21,86,21,70,10,5,98,0,74,240,35,0,51,54,9,57,55,65,67
51,Canol_S6,S,6,Canol_S,1236,-9,6.9,16.4,3.3,-18.9,-5.5,5.6,-5.3,-13.9,0.7,11,-1,72,33,192,138,1243,238,0,322,3,93,554,72,2853,1592,645,1731,0,0,4,0,0,21,86,21,71,10,5,101,0,73,238,34,0,49,46,8,57,55,66,67
52,Canol_S7,S,7,Canol_S,1323,-9,6.7,16.1,3.2,-18.9,-5.5,5.7,-5.3,-14,0.6,10.9,-1.1,78,36,215,153,1245,242,0,324,3,89,542,69,2855,1602,657,1738,0,0,4,0,0,21,86,21,77,12,6,112,0,72,234,33,0,45,23,4,56,56,67,68
53,Canol_S8,S,8,Canol_S,1397,-9,6.6,15.9,3.1,-19,-5.5,5.6,-5.3,-14,0.5,10.8,-1.1,84,39,236,166,1250,246,0,325,3,85,531,67,2860,1610,668,1743,0,0,4,0,0,21,86,20,82,13,7,122,0,71,231,33,0,42,7,1,57,56,67,68
54,Canol_A1,A,1,Canol_A,1323,-8.8,6.8,16.2,3.2,-18.8,-5.3,5.9,-5.2,-13.8,0.7,11,-1,78,36,213,152,1231,237,0,319,3,93,555,72,2839,1590,644,1729,0,0,4,0,0,22,87,21,76,11,6,111,0,72,233,34,0,46,24,4,56,56,67,68
55,Canol_A2,A,2,Canol_A,1358,-8.9,6.7,16,3.2,-18.9,-5.4,5.8,-5.2,-13.9,0.6,10.9,-1,80,37,223,158,1239,240,0,322,3,90,546,70,2848,1598,654,1734,0,0,4,0,0,21,87,21,79,12,7,116,0,71,232,33,0,44,17,3,57,56,67,68
56,Canol_A3,A,3,Canol_A,1371,-9,6.6,16,3.1,-19,-5.5,5.7,-5.2,-14,0.6,10.9,-1.1,82,38,228,161,1247,242,0,323,3,88,540,69,2857,1602,659,1737,0,0,4,0,0,21,87,21,80,12,7,119,0,71,231,33,0,43,13,2,57,56,67,68
57,Canol_A4,A,4,Canol_A,1399,-9.1,6.6,15.9,3.1,-19,-5.5,5.7,-5.3,-14.1,0.5,10.8,-1.1,84,39,237,167,1255,246,0,325,3,86,532,67,2867,1609,667,1743,0,0,4,0,0,21,86,20,83,13,7,123,0,71,231,33,0,42,6,1,57,56,67,68
58,Canol_A5,A,5,Canol_A,1502,-9.4,6.3,15.6,2.8,-19.2,-5.7,5.5,-5.4,-14.3,0.3,10.5,-1.3,92,43,267,186,1282,254,1,331,3,79,509,63,2888,1629,691,1757,0,0,3,0,0,20,86,20,91,14,9,139,0,69,227,32,0,37,0,0,57,56,68,69
59,Canol_A6,A,6,Canol_A,1546,-9.6,6.2,15.4,2.7,-19.3,-5.8,5.4,-5.4,-14.5,0.2,10.4,-1.3,95,45,280,195,1295,258,1,334,3,76,499,61,2901,1637,701,1764,0,0,3,0,0,20,86,20,94,15,10,146,0,69,225,32,0,35,0,0,57,56,68,69
60,Canol_A7,A,7,Canol_A,1537,-9.7,6.3,15.5,2.8,-19.4,-5.8,5.3,-5.5,-14.6,0.2,10.4,-1.4,95,45,279,194,1303,258,1,334,2,76,499,61,2909,1637,701,1764,0,0,3,0,0,19,85,19,94,15,10,145,0,69,227,32,0,35,0,0,57,56,67,69
61,Canol_A8,A,8,Canol_A,1533,-9.8,6.3,15.6,2.8,-19.5,-5.9,5.3,-5.5,-14.6,0.2,10.4,-1.4,95,45,279,194,1308,258,1,334,2,76,499,61,2914,1638,701,1764,0,0,3,0,0,19,85,19,94,15,10,145,0,70,228,32,0,36,0,0,57,56,67,68
62,Lorne_B2,B,2,Lorne_B,911,-9,9,18.4,5.7,-18.4,-4.1,6.2,-3.5,-13.7,2.4,12.3,1.1,40,30,144,74,1217,156,0,223,2,132,673,111,2829,1436,529,1542,0,0,10,1,0,24,88,25,39,14,2,40,0,122,264,52,0,101,120,22,59,55,62,66
63,Lorne_B4,B,4,Lorne_B,999,-8.9,8.6,17.9,5.5,-18.3,-4.3,6,-3.7,-13.6,2.1,12,0.9,42,32,153,79,1212,164,0,230,2,120,641,104,2822,1461,560,1560,0,0,8,1,0,23,87,24,42,16,3,44,0,120,258,39,0,97,105,20,59,55,63,67
64,Lorne_B6,B,6,Lorne_B,1162,-8.8,8,17,5.1,-18.2,-4.6,5.7,-3.9,-13.5,1.7,11.4,0.6,47,36,170,89,1204,178,0,242,2,103,589,93,2813,1501,607,1589,0,0,6,1,0,21,86,23,47,19,4,52,0,115,247,38,0,90,77,16,59,56,64,67
65,Lorne_S2,S,2,Lorne_S,1176,-8.8,7.9,17,5,-18.2,-4.7,5.6,-4,-13.5,1.6,11.3,0.5,48,36,171,89,1204,181,0,244,2,100,580,91,2812,1509,616,1595,0,0,6,0,0,21,86,23,47,19,4,53,0,115,246,38,0,89,75,16,59,56,64,67
66,Lorne_S4,S,4,Lorne_S,1253,-8.8,7.6,16.6,4.8,-18.2,-4.9,5.4,-4.2,-13.5,1.4,11,0.3,51,37,179,95,1205,190,0,252,2,91,552,86,2814,1532,647,1612,0,0,4,0,0,20,85,22,50,21,5,58,0,113,242,37,0,86,63,14,59,56,64,67
67,Lorne_S6,S,6,Lorne_S,1194,-8.8,7.8,16.8,5,-18.2,-4.8,5.5,-4.1,-13.5,1.5,11.2,0.4,49,36,173,91,1201,183,0,247,2,97,572,89,2810,1516,623,1601,0,0,5,0,0,20,86,22,48,20,5,54,0,114,245,38,0,89,72,15,59,56,64,67
68,Lorne_A2,A,2,Lorne_A,1262,-8.8,7.6,16.5,4.8,-18.1,-4.8,5.4,-4.2,-13.5,1.4,11,0.3,51,38,181,95,1201,189,0,252,2,91,553,86,2809,1531,647,1613,0,0,4,0,0,20,86,22,50,21,5,58,0,112,241,37,0,86,60,14,59,56,65,67
69,Lorne_A6,A,6,Lorne_A,1401,-8.8,7.1,15.9,4.5,-18.2,-5,5.2,-4.3,-13.5,1.1,10.6,0.1,56,41,196,105,1203,201,1,262,2,81,516,79,2811,1561,684,1635,0,0,2,0,0,19,85,21,55,24,7,66,0,109,233,36,0,81,36,11,59,57,66,67
70,Lorne_A7,A,7,Lorne_A,1503,-8.8,6.8,15.5,4.2,-18.2,-5.2,5.1,-4.4,-13.5,0.8,10.3,-0.1,59,43,208,112,1206,210,1,270,2,74,491,75,2814,1581,709,1650,0,0,2,0,0,18,84,20,58,26,8,72,0,70,228,36,0,54,23,8,59,57,67,68
71,MACIN_B1,B,1,MACIN_B,1094,-7.6,8.3,17.6,5,-17,-3.6,7,-3.5,-12.3,2.4,12.3,0.8,42,41,189,88,1107,155,0,240,3,128,671,103,2706,1438,531,1573,0,0,10,1,1,26,89,26,41,22,3,49,0,116,246,36,0,91,56,12,59,58,67,68
72,MACIN_B2,B,2,MACIN_B,1089,-7.6,8.4,17.6,5,-17,-3.6,7,-3.5,-12.3,2.4,12.3,0.8,42,40,188,88,1107,155,0,240,3,128,673,103,2706,1438,529,1573,0,0,10,1,1,26,89,26,40,22,3,49,0,116,247,37,0,91,59,12,59,58,66,68
73,MACIN_B3,B,3,MACIN_B,1163,-7.4,8.2,17.3,4.9,-16.9,-3.6,6.9,-3.6,-12.1,2.3,12.1,0.7,44,42,198,92,1094,158,0,242,3,123,658,100,2692,1449,544,1580,0,0,9,1,1,26,89,26,42,23,4,52,0,114,243,36,0,88,45,10,58,58,67,68
74,MACIN_B4,B,4,MACIN_B,1247,-7.1,8,17,4.8,-16.9,-3.7,6.9,-3.6,-12,2.1,12,0.6,46,44,208,97,1080,162,0,245,3,117,641,97,2677,1461,560,1588,0,0,8,1,1,26,89,26,44,25,4,55,0,112,238,36,0,85,29,8,58,59,68,69
75,MACIN_B5,B,5,MACIN_B,1303,-6.9,7.8,16.8,4.7,-16.9,-3.7,6.9,-3.6,-11.9,2.1,11.8,0.5,47,46,215,100,1072,164,0,246,3,114,630,95,2668,1467,570,1593,0,0,8,2,1,26,89,26,45,26,4,57,0,111,234,35,0,83,19,7,57,59,68,69
76,MACIN_B6,B,6,MACIN_B,1338,-6.8,7.8,16.7,4.7,-16.8,-3.7,6.9,-3.7,-11.8,2,11.8,0.5,48,47,220,101,1065,166,0,248,3,112,624,93,2661,1472,576,1596,0,0,7,2,1,26,89,26,46,26,5,58,0,111,233,35,0,82,16,6,57,59,69,69
77,MACIN_S1,S,1,MACIN_S,1362,-6.7,7.7,16.6,4.6,-16.7,-3.8,6.8,-3.7,-11.7,2,11.7,0.5,48,47,223,103,1060,167,0,249,3,110,620,92,2655,1476,580,1599,0,0,7,1,1,26,89,25,46,27,5,59,0,110,232,35,0,81,14,6,57,59,69,69
78,MACIN_S2,S,2,MACIN_S,1431,-6.6,7.6,16.4,4.5,-16.7,-3.8,6.8,-3.8,-11.6,1.9,11.6,0.4,50,49,231,106,1049,171,0,252,3,106,607,90,2643,1486,592,1606,0,0,7,1,1,25,89,25,48,28,5,62,0,109,229,34,0,78,10,4,57,59,69,69
79,MACIN_S3,S,3,MACIN_S,1459,-6.5,7.5,16.3,4.5,-16.6,-3.9,6.7,-3.8,-11.5,1.8,11.5,0.4,51,50,235,108,1044,172,0,253,3,104,601,89,2637,1491,597,1610,0,0,7,1,1,25,89,25,48,29,5,63,0,109,228,34,0,78,8,4,57,59,69,69
80,MACIN_S4,S,4,MACIN_S,1384,-6.8,7.7,16.6,4.7,-16.4,-4,6.7,-3.9,-11.6,1.9,11.7,0.4,49,48,226,104,1048,172,0,254,3,108,614,91,2642,1486,585,1607,0,0,7,1,1,25,88,25,46,28,5,61,0,111,234,35,0,81,13,5,58,58,68,68
81,MACIN_S5,S,5,MACIN_S,1444,-6.6,7.6,16.4,4.6,-16.5,-4,6.7,-3.9,-11.5,1.8,11.6,0.3,50,49,233,107,1042,173,0,254,3,105,605,89,2636,1491,594,1610,0,0,7,1,1,25,89,25,48,29,5,63,0,110,230,35,0,79,10,4,58,59,69,68
82,MACIN_S6,S,6,MACIN_S,1495,-6.4,7.4,16.2,4.5,-16.5,-3.9,6.7,-3.8,-11.5,1.8,11.5,0.3,52,51,239,110,1037,174,0,254,3,103,596,88,2630,1495,602,1613,0,0,6,1,1,25,89,25,49,30,6,64,0,108,226,34,0,77,6,3,57,59,70,69
83,MACIN_A1,A,1,MACIN_A,1502,-6.3,7.4,16.2,4.5,-16.6,-3.9,6.7,-3.8,-11.5,1.8,11.5,0.3,52,51,240,110,1037,174,0,254,3,102,595,87,2630,1495,603,1612,0,0,6,1,1,25,89,25,49,29,6,64,0,108,225,34,0,77,6,3,56,59,70,69
84,MACIN_A2,A,2,MACIN_A,1533,-6.2,7.4,16.1,4.4,-16.6,-3.9,6.7,-3.8,-11.4,1.7,11.4,0.3,52,51,244,112,1032,175,0,254,3,101,590,86,2625,1498,607,1614,0,0,6,1,1,25,89,25,50,30,6,66,0,107,224,34,0,75,4,2,56,60,70,69
85,MACIN_A3,A,3,MACIN_A,1550,-6.2,7.3,16,4.4,-16.6,-3.9,6.7,-3.8,-11.4,1.7,11.4,0.3,53,52,246,112,1029,176,0,255,3,100,588,86,2622,1500,610,1616,0,0,6,1,1,25,89,25,50,30,6,66,0,107,224,34,0,75,4,2,56,60,70,69
86,MACIN_A4,A,4,MACIN_A,1553,-6.2,7.3,16,4.4,-16.6,-3.9,6.7,-3.8,-11.4,1.7,11.4,0.3,53,51,246,112,1028,176,0,255,3,100,588,86,2620,1500,610,1616,0,0,6,1,1,25,89,25,50,30,6,66,0,107,224,34,0,75,4,2,56,60,70,69
87,MACIN_A5,A,5,MACIN_A,1563,-6.1,7.3,16,4.4,-16.6,-3.9,6.7,-3.8,-11.3,1.7,11.3,0.3,53,52,248,113,1024,177,0,255,3,100,585,85,2617,1502,612,1617,0,0,6,1,1,25,89,25,50,30,6,67,0,107,223,34,0,75,3,2,55,60,70,69
88,MACIN_A6,A,6,MACIN_A,1557,-6.1,7.3,16,4.4,-16.6,-3.9,6.7,-3.8,-11.3,1.7,11.4,0.3,53,51,247,113,1026,177,0,255,3,100,586,86,2618,1501,611,1616,0,0,6,1,1,25,88,25,50,30,6,66,0,107,224,34,0,75,4,2,55,60,70,69
89,Suman_B1,B,1,Suman_B,1220,-7.4,8.6,17.7,5,-17.3,-3.8,6.8,-3.9,-12.4,2.4,12.3,0.5,48,48,205,99,1114,158,0,254,3,132,671,103,2710,1438,531,1592,0,0,10,1,1,26,89,25,46,26,3,57,0,118,249,37,0,88,45,9,57,57,66,67
90,Suman_B2,B,2,Suman_B,1194,-7.4,8.6,17.9,5,-17.2,-3.8,6.8,-3.9,-12.3,2.4,12.3,0.5,47,47,203,98,1110,157,0,255,3,133,675,104,2706,1435,527,1592,0,0,10,1,1,26,89,25,45,25,3,56,0,119,251,37,0,90,48,10,58,56,65,67
91,Suman_B3,B,3,Suman_B,1162,-7.4,8.7,18,5.1,-17.1,-3.8,6.8,-4,-12.3,2.4,12.4,0.5,46,46,200,95,1106,156,0,256,3,135,680,105,2702,1433,522,1592,0,0,10,1,1,26,89,25,44,25,3,54,0,120,253,37,0,91,53,11,58,56,65,67
92,Suman_B4,B,4,Suman_B,1197,-7.3,8.7,17.9,5,-17,-3.9,6.8,-4,-12.2,2.4,12.3,0.5,47,48,205,98,1099,157,0,256,3,133,676,104,2694,1436,527,1594,0,0,10,1,1,25,89,25,45,26,3,56,0,119,252,37,0,90,47,10,58,56,65,67
93,Suman_B5,B,5,Suman_B,1229,-7.2,8.6,17.8,5,-16.9,-3.9,6.8,-4,-12.1,2.4,12.3,0.5,48,49,210,100,1091,158,0,257,3,131,672,103,2685,1440,531,1597,0,0,10,1,1,25,89,25,46,26,3,58,0,119,251,37,0,88,42,9,58,56,65,67
94,Suman_B6,B,6,Suman_B,1336,-7,8.4,17.5,4.9,-16.9,-3.9,6.8,-4,-11.9,2.2,12.1,0.4,52,53,224,109,1079,163,0,258,3,126,656,99,2673,1452,546,1602,0,0,9,1,1,25,89,25,49,29,4,63,0,117,245,36,0,84,22,6,57,57,66,67
95,Suman_S1,S,1,Suman_S,1375,-7.2,8.2,17.2,4.8,-17.3,-3.8,6.9,-3.9,-12.2,2.2,12,0.4,52,53,223,110,1104,164,0,256,3,124,646,98,2698,1455,555,1601,0,0,9,1,1,26,89,25,50,29,4,64,0,115,240,36,0,82,20,5,56,58,67,67
96,Suman_S2,S,2,Suman_S,1388,-7.1,8.2,17.2,4.8,-17.3,-3.8,6.8,-4,-12.2,2.2,12,0.4,53,53,225,111,1100,164,0,257,3,123,645,98,2694,1457,557,1603,0,0,8,1,1,26,89,25,51,30,4,64,0,115,240,36,0,82,18,5,56,58,67,67
97,Suman_S3,S,3,Suman_S,1341,-7.2,8.3,17.4,4.9,-17.3,-3.8,6.9,-4,-12.2,2.3,12.1,0.4,51,52,219,108,1103,162,0,258,3,127,654,99,2698,1450,547,1601,0,0,9,1,1,26,89,25,49,29,4,62,0,116,243,36,0,84,24,6,57,57,67,67
98,Suman_S4,S,4,Suman_S,1324,-7.2,8.4,17.4,4.9,-17.3,-3.8,6.9,-4,-12.2,2.3,12.1,0.4,51,52,217,107,1105,161,0,259,3,128,658,100,2700,1447,544,1602,0,0,9,1,1,26,89,25,49,28,4,62,0,116,244,36,0,85,28,6,57,57,66,67
99,Suman_S5,S,5,Suman_S,1363,-7.1,8.3,17.3,4.9,-17.2,-3.8,6.8,-4.1,-12.2,2.2,12.1,0.4,52,53,222,110,1099,163,0,259,3,125,651,98,2693,1452,551,1605,0,0,9,1,1,26,89,25,50,29,4,64,0,116,242,36,0,83,21,5,56,57,67,67
100,Suman_S6,S,6,Suman_S,1399,-7,8.2,17.2,4.8,-17.2,-3.8,6.8,-4.1,-12.1,2.2,12,0.4,53,54,226,112,1094,164,0,260,3,123,644,97,2688,1457,557,1608,0,0,8,1,1,26,89,25,51,30,4,65,0,115,240,36,0,82,17,4,56,57,67,67
101,Suman_A1,A,1,Suman_A,1462,-6.9,8,16.9,4.8,-17.3,-3.8,6.8,-4.1,-12.1,2.1,11.9,0.3,54,56,230,116,1093,167,0,261,3,119,632,94,2687,1466,569,1613,0,0,8,1,1,26,89,25,52,32,5,68,0,113,236,35,0,79,12,3,55,58,68,67
102,Suman_A2,A,2,Suman_A,1487,-6.8,8,16.8,4.8,-17.3,-3.9,6.8,-4.2,-12,2,11.8,0.3,55,57,234,119,1088,168,0,261,4,118,628,94,2681,1469,572,1614,0,0,8,1,1,26,89,25,52,33,5,70,0,113,235,35,0,78,11,2,55,58,68,67
103,Suman_A3,A,3,Suman_A,1488,-6.8,8,16.9,4.8,-17.2,-3.9,6.8,-4.2,-12,2.1,11.8,0.3,55,57,235,119,1085,168,0,262,4,119,629,94,2678,1468,571,1614,0,0,8,1,1,25,89,24,53,33,5,70,0,113,236,35,0,78,10,2,55,58,68,67
104,Suman_A4,A,4,Suman_A,1523,-6.5,8,16.9,4.8,-16.8,-4,6.7,-4.1,-11.6,2,11.8,0.3,58,61,250,125,1052,171,0,261,4,117,629,93,2644,1474,572,1613,0,0,8,2,1,25,88,24,55,35,5,73,0,114,238,35,0,78,6,0,56,58,67,67
105,Suman_A5,A,5,Suman_A,1549,-6.4,7.9,16.9,4.8,-16.8,-4,6.7,-4.2,-11.6,2,11.8,0.3,59,62,254,127,1048,172,0,261,4,116,625,93,2640,1476,575,1615,0,0,8,2,1,25,88,24,55,36,5,75,0,113,237,35,0,76,5,0,56,58,68,67
106,Suman_A6,A,6,Suman_A,1530,-6.4,8,17,4.8,-16.7,-4,6.7,-4.2,-11.6,2,11.8,0.3,58,61,252,126,1048,171,0,262,4,118,629,93,2640,1473,571,1615,0,0,8,2,1,25,88,24,55,36,5,74,0,114,238,36,0,78,6,0,56,57,67,67
107,Rock_B1,B,1,Rock_B,878,-7.5,8.4,18.8,5.5,-17.2,-4.1,6.5,-4.1,-12.4,2.2,12.7,0.7,45,49,147,89,1108,168,0,239,1,127,705,97,2716,1458,498,1580,0,0,11,2,0,24,88,22,44,35,2,49,0,120,268,39,0,98,121,12,58,56,62,65
108,Rock_B2,B,2,Rock_B,799,-7.8,8.6,19.1,5.6,-17.4,-4.1,6.5,-4.1,-12.6,2.2,12.8,0.7,42,46,131,84,1127,166,0,238,1,132,718,100,2738,1450,485,1575,0,0,12,1,0,24,88,22,41,33,2,46,0,121,273,40,0,101,143,14,59,56,61,65
109,Rock_B3,B,3,Rock_B,889,-7.4,8.4,18.7,5.4,-17.1,-4.1,6.6,-4.1,-12.3,2.1,12.7,0.7,45,50,150,89,1100,169,0,238,1,127,705,97,2706,1459,498,1579,0,0,11,2,0,24,88,23,44,36,2,50,0,119,267,39,0,98,117,12,58,56,62,65
110,Rock_S1,S,1,Rock_S,1184,-6.5,7.9,17.7,5,-16.6,-4.2,6.6,-4,-11.6,1.9,12.2,0.5,55,63,211,109,1044,178,0,241,1,114,662,88,2643,1486,539,1596,0,0,9,1,1,24,88,23,53,47,3,62,0,115,252,36,0,87,40,4,57,57,65,67
111,Rock_S2,S,2,Rock_S,1049,-6.8,8.1,18.2,5.2,-16.8,-4.2,6.6,-4,-11.8,2,12.4,0.6,51,57,183,100,1063,174,0,239,1,120,683,92,2664,1474,519,1586,0,0,10,2,0,24,88,23,49,42,3,56,0,117,258,37,0,91,75,8,57,57,64,66
112,Rock_S3,S,3,Rock_S,1291,-6.2,7.7,17.5,4.9,-16.4,-4.2,6.7,-4,-11.3,1.7,12.1,0.5,59,69,234,116,1023,183,0,242,1,110,652,86,2620,1497,548,1600,0,0,8,1,1,24,89,23,56,52,4,66,0,76,247,36,0,66,18,1,57,57,66,67
113,Rock_A1,A,1,Rock_A,1413,-6.2,7.6,17.2,4.8,-16.4,-4.3,6.5,-4.1,-11.3,1.6,11.9,0.4,63,76,259,125,1021,185,0,244,1,105,632,81,2617,1505,567,1608,0,0,7,2,1,24,88,23,60,58,5,72,0,75,244,35,0,64,5,0,57,57,66,67
114,Rock_A2,A,2,Rock_A,1540,-6.1,7.5,16.9,4.7,-16.2,-4.5,6.4,-4.1,-11.2,1.5,11.7,0.3,67,85,286,135,1010,188,0,245,1,100,615,78,2606,1515,582,1615,0,1,7,2,1,23,88,22,64,65,6,77,0,74,240,35,0,63,0,0,57,57,67,67
115,Rock_A3,A,3,Rock_A,1486,-6,7.6,17.1,4.8,-16.2,-4.3,6.6,-4,-11.1,1.6,11.8,0.4,66,81,276,130,1006,186,0,243,1,104,630,81,2601,1507,569,1607,0,1,7,2,1,24,88,23,62,62,5,74,0,74,241,35,0,63,1,0,57,57,67,67
116,Dane_B1,B,1,Dane_B,865,-10.3,6.6,17.1,3.8,-20.4,-5.3,5.8,-6,-15.3,0.7,11.5,-1.1,18,46,184,65,1386,217,0,319,2,71,596,65,2992,1594,601,1739,0,0,6,0,0,16,87,15,18,22,4,47,0,73,245,35,0,47,64,22,55,57,64,64
117,Dane_B2,B,2,Dane_B,929,-10.2,6.6,17.1,3.8,-20.3,-5.3,5.8,-6,-15.3,0.7,11.4,-1.1,19,48,193,68,1378,216,0,318,2,71,593,65,2984,1593,603,1739,0,0,6,0,0,16,87,15,19,23,4,49,0,73,244,35,0,46,59,22,56,57,64,64
118,Dane_B3,B,3,Dane_B,968,-10.2,6.6,17,3.8,-20.1,-5.2,5.8,-5.9,-15.2,0.7,11.4,-1.1,20,49,198,70,1369,215,0,317,2,70,591,65,2975,1593,606,1738,0,0,5,0,0,16,87,15,19,23,4,50,0,73,243,35,0,45,56,21,56,58,65,64
119,Dane_B4,B,4,Dane_B,1007,-10.2,6.5,16.9,3.7,-19.9,-5.2,5.9,-5.8,-15,0.7,11.4,-1.1,20,50,204,72,1359,214,0,316,2,68,587,64,2965,1595,609,1738,0,0,5,1,0,16,87,16,20,24,4,51,0,72,241,35,0,44,53,20,57,58,65,64
120,Dane_B5,B,5,Dane_B,1030,-10.1,6.4,16.8,3.6,-19.8,-5.1,5.9,-5.8,-14.9,0.7,11.3,-1.1,20,51,208,73,1350,214,0,315,2,67,583,63,2956,1596,612,1738,0,0,5,1,0,16,87,16,20,25,4,52,0,72,240,35,0,43,50,20,57,58,65,65
121,Dane_B6,B,6,Dane_B,1066,-10.1,6.3,16.7,3.5,-19.6,-5,5.9,-5.7,-14.8,0.6,11.3,-1.1,21,52,213,75,1341,213,0,315,2,66,580,63,2947,1598,615,1739,0,0,5,1,0,16,87,16,21,26,5,53,0,72,238,35,0,42,46,19,58,59,66,65
122,Dane_S1,S,1,Dane_S,1096,-10.1,6.2,16.6,3.5,-19.4,-5,5.9,-5.6,-14.8,0.6,11.3,-1.1,21,54,218,76,1333,213,0,314,2,64,577,62,2938,1599,618,1739,0,0,5,1,0,16,87,16,21,26,5,54,0,71,236,34,0,41,43,19,58,59,66,66
123,Dane_S2,S,2,Dane_S,1199,-10,6.2,16.5,3.4,-19.3,-5,6,-5.6,-14.7,0.6,11.2,-1.1,23,57,233,81,1326,213,0,314,2,63,573,62,2931,1601,621,1740,0,0,5,1,0,16,87,16,23,29,5,58,0,71,235,34,0,39,35,17,59,60,66,66
124,Dane_S3,S,3,Dane_S,1265,-10,6.1,16.4,3.4,-19.2,-4.9,6,-5.5,-14.6,0.6,11.2,-1.1,24,59,243,85,1320,213,0,314,2,62,571,61,2925,1602,623,1740,0,0,5,1,0,16,87,16,24,30,5,60,0,71,233,34,0,37,29,16,59,60,67,67
125,Dane_S4,S,4,Dane_S,1190,-10.1,6.3,16.6,3.5,-19.5,-5,5.9,-5.7,-14.8,0.6,11.3,-1.1,23,57,232,81,1337,214,0,315,2,65,577,62,2943,1600,618,1740,0,0,5,1,0,16,87,16,23,28,5,58,0,71,237,34,0,39,37,18,58,59,66,66
126,Dane_S5,S,5,Dane_S,1203,-10.1,6.3,16.6,3.5,-19.6,-5.1,5.9,-5.7,-14.9,0.6,11.3,-1.1,23,57,234,82,1343,216,0,317,2,65,578,63,2949,1601,617,1742,0,0,5,1,0,16,87,16,23,28,5,58,0,72,237,35,0,39,36,17,58,59,66,65
127,Dane_S6,S,6,Dane_S,1356,-10.1,6.2,16.5,3.4,-19.6,-5.1,5.9,-5.7,-14.8,0.6,11.2,-1.1,26,62,256,90,1338,217,0,318,2,64,574,62,2943,1604,621,1743,0,0,5,1,0,16,87,16,25,31,6,64,0,71,236,34,0,36,25,16,58,59,66,66
128,Dane_A1,A,1,Dane_A,1495,-10,6.2,16.5,3.4,-19.4,-5.1,5.9,-5.7,-14.7,0.5,11.2,-1.1,28,67,277,97,1332,217,0,318,2,63,571,62,2937,1606,623,1745,0,0,5,1,0,15,87,16,28,34,6,69,0,71,234,34,0,33,14,14,58,59,66,66
129,Dane_A2,A,2,Dane_A,1538,-10,6.1,16.4,3.4,-19.4,-5.1,5.9,-5.7,-14.7,0.5,11.2,-1.2,29,69,283,99,1330,218,0,319,2,63,570,61,2936,1608,624,1746,0,0,5,1,0,15,87,16,29,35,6,71,0,71,234,34,0,32,11,13,59,59,67,66
130,Dane_A3,A,3,Dane_A,1652,-10,6.1,16.4,3.3,-19.3,-5.1,6,-5.7,-14.7,0.5,11.2,-1.2,31,72,300,105,1325,218,0,319,2,62,569,61,2931,1609,625,1747,0,0,5,1,0,15,87,16,30,37,7,75,0,71,233,34,0,30,3,12,59,59,67,66
131,Dane_A4,A,4,Dane_A,1468,-10,6.2,16.5,3.4,-19.4,-5,6,-5.6,-14.7,0.6,11.2,-1.1,27,66,272,95,1329,216,0,317,2,63,571,62,2934,1605,623,1743,0,0,5,1,0,16,87,16,27,33,6,68,0,71,234,34,0,34,16,14,59,59,66,66
132,Dane_A5,A,5,Dane_A,1561,-10,6.1,16.4,3.3,-19.3,-5,6,-5.6,-14.7,0.5,11.2,-1.1,29,69,286,100,1324,216,0,317,2,62,569,61,2929,1606,625,1744,0,0,5,1,0,15,87,16,29,35,6,71,0,71,233,34,0,32,10,13,59,60,67,66
133,Dane_A6,A,6,Dane_A,1476,-10,6.1,16.4,3.3,-19.2,-5,6,-5.6,-14.6,0.6,11.2,-1.1,27,66,274,95,1320,214,0,315,2,62,570,61,2925,1604,624,1742,0,0,5,1,0,16,87,16,27,34,6,68,0,71,233,34,0,34,15,14,59,60,67,67
134,Frase_B1,B,1,Frase_B,971,-7.8,4.9,14.1,3.3,-14,-3.7,6.5,-2.1,-10.9,0.6,10.3,0.6,211,107,183,300,989,209,1,212,0,60,491,68,2586,1600,709,1590,0,1,1,3,1,25,89,30,199,83,7,180,0,56,195,29,0,39,22,0,72,68,75,80
135,Frase_B2,B,2,Frase_B,962,-7.8,4.9,14.1,3.3,-14,-3.7,6.5,-2.1,-10.9,0.6,10.3,0.6,207,105,185,295,988,208,1,211,0,60,493,69,2584,1598,707,1588,0,1,2,3,1,25,89,30,195,81,7,176,0,57,196,30,0,39,21,0,72,68,75,80
136,Frase_B3,B,3,Frase_B,1128,-7.8,4.7,13.9,3.1,-14,-3.7,6.5,-2.1,-10.9,0.5,10.2,0.5,233,114,207,329,985,213,1,215,0,57,479,66,2581,1610,721,1599,0,1,1,4,1,25,89,30,219,90,8,200,0,55,192,29,0,37,13,0,72,68,76,80
137,Frase_B4,B,4,Frase_B,1110,-7.7,4.8,13.9,3.1,-14,-3.7,6.5,-2.1,-10.9,0.5,10.2,0.5,227,112,207,321,983,212,1,214,0,58,482,66,2579,1607,718,1596,0,1,1,4,1,25,89,30,214,88,8,195,0,56,192,29,0,37,12,0,72,68,76,80
138,Frase_B5,B,5,Frase_B,1060,-7.8,4.9,14,3.2,-14,-3.7,6.5,-2.1,-10.9,0.6,10.3,0.5,218,108,201,308,984,210,1,212,0,59,487,67,2580,1602,713,1592,0,1,1,3,1,25,89,30,205,84,8,186,0,56,194,29,0,38,15,0,72,68,76,80
139,Frase_B6,B,6,Frase_B,1087,-7.7,4.8,14,3.2,-14,-3.7,6.6,-2.1,-10.9,0.6,10.3,0.5,219,108,207,310,983,210,1,212,0,59,486,67,2579,1603,714,1593,0,1,1,3,1,25,89,31,206,84,8,187,0,56,193,29,0,37,12,0,72,68,76,80
140,Frase_B7,B,7,Frase_B,1140,-7.7,4.8,13.9,3.1,-14,-3.7,6.6,-2.1,-10.8,0.6,10.2,0.5,226,110,216,318,981,211,1,213,0,59,482,66,2577,1605,717,1595,0,1,1,4,1,25,89,31,212,86,9,193,0,55,191,29,0,36,9,0,72,68,76,81
141,Frase_B8,B,8,Frase_B,1208,-7.7,4.7,13.7,3,-14,-3.7,6.6,-2.1,-10.8,0.5,10.2,0.5,234,113,226,330,979,214,1,215,0,58,477,65,2575,1610,723,1599,0,2,1,4,1,25,89,31,220,88,9,201,0,55,189,28,0,35,4,0,72,69,76,81
142,Frase_S1,S,1,Frase_S,1219,-7.7,4.6,13.7,3,-14,-3.7,6.5,-2.1,-10.9,0.4,10.1,0.4,245,119,222,344,982,216,1,217,0,56,471,64,2578,1616,729,1604,0,3,1,4,1,25,89,30,230,94,9,211,0,55,189,28,0,35,6,0,72,69,76,81
143,Frase_A1,A,1,Frase_A,1349,-7.7,4.4,13.4,2.7,-14,-3.8,6.5,-2.2,-10.9,0.3,9.9,0.3,267,127,240,373,981,223,1,223,0,53,456,61,2577,1629,745,1616,0,3,1,4,1,24,88,30,251,102,11,234,0,53,184,28,0,32,0,0,72,69,77,81
144,Frase_A2,A,2,Frase_A,1448,-7.7,4.2,13.1,2.5,-14,-3.8,6.4,-2.2,-10.8,0.2,9.8,0.2,285,134,254,396,980,228,1,227,0,51,443,59,2576,1641,758,1626,0,3,1,4,1,24,88,30,267,109,12,251,0,52,180,27,0,30,0,0,72,70,78,82
145,Frase_A3,A,3,Frase_A,1497,-7.7,4.1,13,2.4,-14,-3.8,6.4,-2.2,-10.8,0.1,9.7,0.1,292,137,263,405,980,231,1,229,0,50,437,58,2575,1646,765,1630,0,3,1,4,1,24,88,30,274,111,13,259,0,52,178,27,0,29,0,0,72,70,78,82
146,Frase_A4,A,4,Frase_A,1522,-7.7,4,12.9,2.4,-14,-3.8,6.4,-2.2,-10.8,0.1,9.7,0.1,294,138,268,407,978,232,1,229,0,50,434,57,2574,1648,768,1632,0,3,1,4,1,24,88,30,275,112,14,260,0,51,176,26,0,29,0,0,72,70,79,83
147,Frase_A5,A,5,Frase_A,1356,-7.7,4.4,13.4,2.7,-14,-3.7,6.6,-2.1,-10.8,0.4,10,0.3,258,122,246,360,978,220,1,220,0,54,460,62,2574,1624,741,1612,0,3,1,4,1,25,89,31,242,97,11,224,0,53,183,28,0,32,0,0,72,69,78,82
148,Parto_B1,B,1,Parto_B,923,-6.4,7.8,18.2,5.3,-14.7,-3.6,6.9,-2.6,-10.5,2.1,12.5,1.3,70,120,426,165,958,168,0,195,0,121,696,102,2552,1463,508,1520,0,1,10,3,1,26,89,28,65,88,6,75,0,115,257,38,0,64,0,0,64,59,65,71
149,Parto_B2,B,2,Parto_B,966,-6.3,7.8,18.1,5.3,-14.7,-3.6,6.9,-2.6,-10.5,2.1,12.5,1.3,72,124,453,171,953,168,0,197,0,120,693,101,2547,1465,510,1523,0,1,10,3,1,26,89,28,67,91,6,78,0,115,256,38,0,63,0,0,64,59,65,71
150,Parto_B3,B,3,Parto_B,1018,-6.1,7.8,18,5.2,-14.7,-3.6,6.9,-2.7,-10.4,2.1,12.5,1.3,75,129,485,178,947,169,0,198,0,119,690,100,2541,1467,513,1527,0,1,10,3,1,26,89,28,70,95,7,82,0,115,254,38,0,62,0,0,63,59,65,71
151,Parto_B4,B,4,Parto_B,926,-6.4,7.7,18.1,5.2,-14.7,-3.6,6.8,-2.6,-10.6,2,12.5,1.3,70,120,426,166,962,169,0,196,0,119,689,100,2557,1468,514,1523,0,1,10,3,1,25,89,28,66,89,6,76,0,115,257,38,0,64,0,0,64,59,64,71
152,Parto_B5,B,5,Parto_B,958,-6.3,7.7,18.1,5.2,-14.7,-3.7,6.8,-2.7,-10.5,2,12.4,1.3,72,123,446,170,957,170,0,197,0,118,687,100,2552,1470,516,1526,0,1,10,3,1,25,89,28,67,91,6,78,0,115,256,38,0,64,0,0,64,59,65,71
153,Parto_B6,B,6,Parto_B,997,-6.2,7.7,18,5.2,-14.7,-3.7,6.9,-2.7,-10.5,2,12.4,1.2,74,127,470,175,952,170,0,199,0,118,685,99,2546,1471,518,1529,0,1,10,4,1,25,89,28,69,94,7,81,0,114,254,38,0,63,0,0,63,59,65,71
154,Parto_S1,S,1,Parto_S,1090,-5.9,7.7,17.9,5.2,-14.7,-3.7,7,-2.8,-10.3,2,12.4,1.2,79,136,530,187,938,170,0,202,0,118,686,98,2531,1470,517,1532,0,1,10,4,1,26,89,28,73,100,8,87,0,114,252,37,0,61,0,0,63,59,66,71
155,Parto_S2,S,2,Parto_S,1161,-5.8,7.8,17.8,5.1,-14.7,-3.7,7,-2.8,-10.2,2,12.4,1.2,82,143,574,197,932,170,0,202,0,118,686,98,2525,1469,517,1534,0,1,10,4,1,26,89,28,76,105,8,92,0,114,251,37,0,60,0,0,62,59,66,71
156,Parto_S3,S,3,Parto_S,1211,-5.8,7.7,17.7,5.1,-14.7,-3.7,7,-2.8,-10.2,2,12.4,1.1,85,148,602,203,929,171,0,204,0,116,681,97,2521,1473,522,1538,0,1,9,4,1,26,89,27,79,109,9,96,0,114,249,37,0,59,0,0,62,59,66,71
157,Parto_S4,S,4,Parto_S,1076,-6,7.6,17.8,5.1,-14.7,-3.7,6.9,-2.8,-10.4,2,12.3,1.2,78,135,518,185,943,172,0,203,0,115,678,97,2536,1476,525,1536,0,1,9,4,1,25,89,27,73,100,8,87,0,114,251,37,0,61,0,0,63,59,66,71
158,Parto_S5,S,5,Parto_S,1113,-5.9,7.6,17.7,5.1,-14.7,-3.7,6.9,-2.8,-10.3,1.9,12.3,1.1,80,138,541,190,937,173,0,204,0,115,676,96,2530,1478,526,1539,0,1,9,4,1,25,89,27,74,102,8,90,0,113,250,37,0,60,0,0,62,59,66,71
159,Parto_S6,S,6,Parto_S,1236,-5.7,7.6,17.6,5,-14.7,-3.8,6.9,-2.9,-10.2,1.9,12.3,1.1,87,151,611,207,929,173,0,206,0,113,671,94,2522,1480,531,1543,0,1,9,4,1,25,89,27,80,112,10,99,0,113,247,37,0,58,0,0,62,59,66,71
160,Parto_A1,A,1,Parto_A,1275,-5.6,7.7,17.7,5.1,-14.6,-3.7,7,-2.8,-10.1,2,12.4,1.1,89,155,642,212,923,171,0,205,1,116,681,96,2516,1473,522,1540,0,1,9,4,1,26,89,27,82,114,10,100,0,114,248,37,0,58,0,0,61,59,66,71
161,Parto_A2,A,2,Parto_A,1281,-5.6,7.7,17.7,5.1,-14.6,-3.8,7.1,-2.9,-10.1,2,12.4,1.1,89,156,647,213,921,172,0,207,1,116,681,96,2512,1473,521,1542,0,1,9,4,1,26,89,27,82,114,10,101,0,114,248,37,0,57,0,0,61,59,66,71
162,Parto_A3,A,3,Parto_A,1335,-5.5,7.7,17.6,5.1,-14.7,-3.7,7.1,-2.9,-10.1,2,12.3,1.1,92,161,674,221,924,171,0,207,0,115,678,96,2517,1474,524,1543,0,1,9,4,1,26,89,27,85,119,10,105,0,113,246,36,0,56,0,0,61,59,67,71
163,Parto_A4,A,4,Parto_A,1395,-5.6,7.6,17.4,5,-14.7,-3.8,7,-2.9,-10.2,1.9,12.2,1,96,167,697,229,925,173,0,207,0,111,666,93,2518,1481,536,1547,0,1,9,3,1,26,89,27,89,124,11,110,0,112,244,36,0,55,0,0,61,59,67,71
164,Parto_A5,A,5,Parto_A,1425,-5.5,7.6,17.4,5,-14.8,-3.8,7.1,-2.9,-10.2,1.9,12.2,1,97,171,716,233,926,172,0,208,0,112,669,93,2519,1478,533,1547,0,1,9,4,1,26,89,27,91,126,11,112,0,112,244,36,0,55,0,0,60,59,67,71
165,Parto_A6,A,6,Parto_A,1449,-5.5,7.7,17.4,5,-14.9,-3.7,7.2,-2.9,-10.2,2,12.3,1.1,99,173,727,237,930,171,0,208,0,113,671,94,2524,1477,531,1546,0,1,9,4,1,26,89,27,92,127,11,114,0,112,242,36,0,54,0,0,60,59,68,71
166,Glave_B1,B,1,Glave_B,656,-5,8.6,17.5,5.9,-12.6,-2.1,7.3,-1.4,-8.8,3.2,12.4,2.3,251,294,153,421,811,103,0,143,0,119,687,113,2404,1359,515,1434,0,4,9,6,1,31,90,35,227,170,3,179,0,113,245,49,0,62,93,0,67,63,68,74
167,Glave_B2,B,2,Glave_B,682,-5.1,8.4,17.4,5.8,-12.8,-2.2,7.2,-1.5,-8.9,3.1,12.3,2.2,255,299,156,429,818,107,0,147,0,114,674,110,2412,1372,527,1444,0,4,9,6,1,30,90,34,232,179,3,188,0,112,244,48,0,62,88,0,67,63,68,73
168,Glave_B3,B,3,Glave_B,708,-5.1,8.3,17.2,5.7,-12.9,-2.4,7.1,-1.6,-9,3,12.2,2.1,257,302,158,432,826,111,0,151,0,110,664,107,2419,1383,537,1454,0,4,8,6,1,30,89,33,235,185,3,194,0,112,242,48,0,61,84,0,67,62,68,73
169,Glave_B4,B,4,Glave_B,623,-5,8.7,17.7,6,-12.6,-2,7.4,-1.3,-8.8,3.3,12.5,2.4,248,291,150,417,806,101,0,140,0,122,695,116,2399,1351,508,1427,0,4,10,6,1,31,90,35,225,164,2,175,0,114,248,49,0,63,97,0,67,63,67,73
170,Glave_B5,B,5,Glave_B,658,-5,8.5,17.5,5.9,-12.7,-2.1,7.3,-1.4,-8.8,3.2,12.4,2.3,255,297,154,427,810,104,0,143,0,118,684,113,2403,1361,518,1435,0,4,9,6,1,31,90,35,231,173,3,183,0,113,245,49,0,62,91,0,67,63,68,73
171,Glave_B6,B,6,Glave_B,704,-5.1,8.3,17.3,5.8,-12.8,-2.3,7.2,-1.5,-9,3,12.2,2.1,260,304,158,436,821,109,0,149,0,111,668,108,2414,1379,533,1449,0,4,8,6,1,30,90,34,237,184,3,193,0,112,242,48,0,61,84,0,67,63,68,73
172,Glave_S1,S,1,Glave_S,779,-5.2,8,16.9,5.5,-13.1,-2.6,7,-1.8,-9.2,2.7,11.9,1.8,268,313,166,449,839,119,0,159,0,101,639,100,2433,1408,559,1474,0,4,7,6,1,28,89,32,245,204,3,211,0,109,237,47,0,59,71,0,66,63,68,73
173,Glave_S2,S,2,Glave_S,849,-5.3,7.7,16.5,5.3,-13.3,-2.8,6.8,-2,-9.3,2.4,11.7,1.6,279,325,174,467,852,127,0,167,0,93,614,94,2446,1433,581,1493,0,4,6,5,1,27,89,31,256,222,4,229,0,107,233,47,0,57,60,0,66,63,69,73
174,Glave_S3,S,3,Glave_S,914,-5.4,7.4,16.2,5.1,-13.5,-3,6.6,-2.2,-9.5,2.2,11.4,1.4,289,336,181,483,865,135,0,175,0,85,591,89,2460,1456,609,1512,0,4,6,5,1,26,89,30,267,239,4,247,0,105,229,34,0,55,49,0,65,63,69,73
175,Glave_S4,S,4,Glave_S,760,-5.2,8.1,17,5.6,-13,-2.5,7,-1.7,-9.1,2.8,12,1.9,268,313,164,449,833,116,0,156,0,104,646,103,2427,1400,552,1466,0,4,8,6,1,29,89,33,245,200,3,207,0,110,239,48,0,59,75,0,66,63,68,73
176,Glave_S5,S,5,Glave_S,822,-5.2,7.8,16.7,5.4,-13.2,-2.7,6.8,-1.9,-9.2,2.5,11.8,1.7,277,322,171,463,846,124,0,163,0,96,624,97,2440,1423,573,1485,0,4,7,6,1,28,89,32,254,216,4,224,0,108,235,47,0,58,64,0,66,63,69,73
177,Glave_S6,S,6,Glave_S,879,-5.3,7.6,16.4,5.2,-13.5,-3,6.7,-2.1,-9.4,2.3,11.5,1.5,286,332,177,477,858,132,0,171,0,89,602,91,2453,1446,598,1502,0,4,6,5,1,27,89,31,263,232,4,240,0,106,231,46,0,56,54,0,65,62,69,73
178,Glave_A1,A,1,Glave_A,965,-5.5,7.2,15.9,4.9,-13.8,-3.3,6.5,-2.4,-9.6,2,11.2,1.2,297,344,187,496,877,143,0,182,0,79,571,84,2473,1477,628,1528,0,4,5,5,1,25,88,29,275,254,5,263,0,104,226,33,0,54,43,0,65,63,70,73
179,Glave_A2,A,2,Glave_A,1023,-5.6,6.9,15.6,4.7,-14,-3.5,6.3,-2.6,-9.8,1.7,11,1.1,306,354,193,511,890,152,0,191,0,73,550,79,2486,1499,650,1546,1,4,4,5,1,24,88,28,285,271,6,280,0,102,222,33,0,52,37,0,64,62,70,73
180,Glave_A3,A,3,Glave_A,1076,-5.6,6.7,15.4,4.6,-14.2,-3.7,6.2,-2.8,-9.9,1.5,10.8,0.9,315,363,200,525,902,160,1,198,0,69,532,75,2499,1518,667,1562,1,4,4,5,1,23,88,27,294,284,6,297,0,101,219,32,0,51,31,0,63,62,70,73
181,Glave_A4,A,4,Glave_A,931,-5.4,7.3,16.1,5,-13.7,-3.2,6.5,-2.3,-9.5,2.1,11.3,1.3,294,340,182,489,871,140,0,179,0,82,581,86,2466,1468,619,1520,0,4,5,5,1,25,89,29,271,248,5,255,0,105,228,34,0,55,48,0,65,62,69,73
182,Glave_A5,A,5,Glave_A,986,-5.5,7.1,15.8,4.8,-13.9,-3.4,6.3,-2.5,-9.7,1.8,11.1,1.1,302,349,188,503,884,149,0,187,0,75,558,81,2480,1491,641,1538,0,4,5,5,1,24,88,28,280,264,5,272,0,103,225,33,0,53,42,0,64,62,70,73
183,Glave_A6,A,6,Glave_A,1020,-5.6,6.9,15.6,4.7,-14.1,-3.6,6.3,-2.7,-9.8,1.7,10.9,1,307,354,192,512,893,154,0,192,0,72,547,79,2490,1503,652,1549,1,4,4,5,1,24,88,28,286,272,6,284,0,102,223,33,0,52,38,0,64,62,70,73
184,Kusaw_S1,S,1,Kusaw_S,987,-7.1,5.4,14.3,3.7,-14.4,-3.8,6.1,-3,-10.7,0.8,10.2,0.3,185,255,201,344,972,201,1,223,0,63,479,63,2572,1586,720,1613,0,3,1,5,1,23,88,25,176,218,8,206,0,60,203,31,0,50,14,0,68,66,73,75
185,Kusaw_S2,S,2,Kusaw_S,1000,-7,5.4,14.3,3.7,-14.5,-3.9,6.1,-3.1,-10.7,0.8,10.2,0.3,187,256,202,347,973,201,1,224,0,63,479,63,2573,1586,721,1614,0,3,1,5,1,23,88,25,178,220,8,208,0,60,202,31,0,50,14,0,67,66,73,75
186,Kusaw_S3,S,3,Kusaw_S,1014,-6.9,5.4,14.2,3.7,-14.6,-3.9,6.1,-3.1,-10.8,0.8,10.2,0.3,189,259,203,352,973,201,1,225,0,62,478,62,2574,1587,722,1616,0,3,1,5,1,23,88,25,180,222,8,212,0,60,202,31,0,49,14,0,66,65,73,74
187,Kusaw_S4,S,4,Kusaw_S,1022,-6.9,5.4,14.2,3.7,-14.7,-4,6.1,-3.2,-10.8,0.7,10.2,0.3,190,260,203,355,977,203,1,227,0,62,476,62,2578,1590,723,1619,0,3,1,5,1,23,88,25,182,224,8,215,0,60,201,30,0,49,14,0,66,65,73,74
188,Kusaw_S5,S,5,Kusaw_S,1033,-6.8,5.4,14.2,3.7,-14.9,-4,6.1,-3.2,-10.8,0.7,10.2,0.2,192,262,203,358,978,204,1,228,0,61,476,62,2579,1592,724,1621,0,3,1,5,1,23,88,25,183,225,8,218,0,60,201,30,0,49,14,0,65,65,74,74
189,Kusaw_S6,S,6,Kusaw_S,1055,-6.7,5.4,14.2,3.7,-15,-4.1,6.1,-3.3,-10.9,0.7,10.1,0.2,193,263,204,360,981,206,1,230,0,61,473,61,2583,1596,726,1624,0,3,1,5,1,23,88,24,184,227,8,220,0,60,201,30,0,49,14,0,64,65,74,74
190,Kusaw_S7,S,7,Kusaw_S,1072,-6.6,5.5,14.1,3.7,-15.1,-4.1,6.1,-3.4,-10.9,0.7,10.1,0.2,195,266,204,364,981,206,1,231,0,60,472,61,2583,1596,727,1626,0,3,1,5,1,23,88,24,186,229,8,223,0,60,200,30,0,48,14,0,63,64,74,73
191,Kusaw_S8,S,8,Kusaw_S,1131,-6.6,5.4,14.1,3.7,-15.2,-4.2,6.1,-3.4,-10.9,0.6,10.1,0.1,197,270,208,370,983,208,1,234,0,59,467,60,2586,1601,732,1631,0,3,1,5,1,22,88,24,189,233,9,228,0,59,199,30,0,47,13,0,63,64,74,73
192,Kusaw_A1,A,1,Kusaw_A,1233,-6.4,5.4,13.9,3.6,-15.4,-4.3,6,-3.6,-10.9,0.5,10,0,204,279,216,384,985,210,1,237,0,57,459,59,2587,1607,741,1637,0,4,1,5,1,22,88,24,195,242,10,239,0,58,196,30,0,46,11,0,61,64,74,73
193,Kusaw_A2,A,2,Kusaw_A,1267,-6.3,5.4,13.8,3.6,-15.6,-4.4,6,-3.6,-10.9,0.5,9.9,0,206,282,218,389,987,211,1,240,0,56,456,59,2590,1611,744,1641,0,4,1,5,1,22,87,23,197,245,10,243,0,58,196,30,0,45,11,0,60,64,74,72
194,Kusaw_A3,A,3,Kusaw_A,1274,-6.3,5.4,13.8,3.6,-15.6,-4.5,6,-3.7,-10.9,0.4,9.9,0,206,282,221,388,988,213,1,242,0,55,452,58,2592,1615,748,1646,0,4,1,5,1,21,87,23,197,245,10,244,0,58,196,30,0,45,9,0,60,63,74,72
195,Kusaw_A4,A,4,Kusaw_A,1324,-6.3,5.3,13.7,3.6,-15.7,-4.6,5.9,-3.8,-11,0.4,9.8,-0.1,209,286,230,394,990,216,1,245,0,53,445,57,2594,1622,756,1652,0,4,1,5,1,21,87,23,200,250,11,250,0,57,195,30,0,45,6,0,60,63,74,72
196,Kusaw_A5,A,5,Kusaw_A,1338,-6.2,5.4,13.7,3.6,-15.5,-4.3,6.1,-3.6,-10.9,0.5,9.9,0,214,293,229,402,981,207,1,238,0,55,452,58,2583,1607,748,1639,0,4,1,5,1,22,88,24,204,253,10,251,0,57,193,29,0,44,6,0,60,64,75,73
197,Kusaw_A6,A,6,Kusaw_A,1368,-6.2,5.3,13.6,3.6,-15.5,-4.4,6,-3.6,-10.9,0.5,9.8,0,216,296,235,406,983,210,1,241,0,54,447,57,2586,1613,754,1645,0,4,1,5,1,22,87,23,207,256,11,256,0,57,193,29,0,44,4,0,60,64,75,72
198,Kusaw_A7,A,7,Kusaw_A,1379,-6.3,5.3,13.6,3.5,-15.6,-4.5,6,-3.7,-10.9,0.4,9.8,-0.1,217,297,239,408,986,212,1,244,0,53,443,57,2589,1618,758,1650,0,4,1,5,1,21,87,23,208,258,11,258,0,57,193,29,0,43,3,0,60,64,75,72
199,Kusaw_A8,A,8,Kusaw_A,1371,-6.3,5.3,13.6,3.5,-15.6,-4.6,5.9,-3.8,-11,0.4,9.8,-0.1,215,293,238,403,989,216,1,246,0,52,440,56,2593,1624,761,1654,0,4,1,5,1,21,87,23,206,256,12,257,0,57,194,29,0,44,3,0,60,64,75,72
